Tamanho,Tempo Medio Paralelo (nível 0),Tempo Medio Paralelo (nível 1),Tempo Medio Paralelo (nível 2),Tempo Medio Paralelo (nível 3),Tempo Medio Paralelo (nível 4),Tempo Medio Serial
1000,5.78025,2.74711,1.8323,1.10906,1.22454,0.51505
10000,8.57073,10.11997,4.13041,2.44644,2.74634,3.30034
100000,35.81133,17.36901,15.24256,14.72706,17.39088,22.89358
1000000,328.72769,167.50067,153.5909,127.97211,114.74764,180.85108
10000000,3533.16816,1862.1444,1619.05054,1328.137,1312.33774,1907.2182
