Tamanho,Tempo Medio Paralelo (nível 0),Tempo Medio Paralelo (nível 1),Tempo Medio Paralelo (nível 2),Tempo Medio Paralelo (nível 3),Tempo Medio Paralelo (nível 4),Tempo Medio Serial
1000,0.82491,0.48676,0.44487,0.32032,0.2274,0.30439
10000,1.49153,1.16876,0.95144,0.87757,0.79509,1.39255
100000,11.84842,6.0232,6.749,5.57731,5.49095,10.28459
1000000,131.88021,61.58062,51.40444,47.74591,46.32215,142.06259
10000000,5621.1859,2076.43753,1859.41829,1403.26707,1255.76851,4934.76135
